PC31;E88088A47958 
PC31 WLAN;743AF4A162F6 
PC32;E88088A3DDDA 
PC32 WLAN;387A0E8D2AD4 
PC33;E88088A47EB3 
PC33 WLAN;743AF4AC5959 
PC34;E88088A3DE28 
PC34 WLAN;387A0E8D1C1A 
PC35;E88088A4794E 
PC35 WLAN;743AF4AC66C4 
PC36;E88088A47FB3 
PC36 WLAN;743AF49DF98B 
PC37;E88088A47814 
PC37 WLAN;743AF4A2DD8E 
PC38;E88088A3DCD3 
PC38 WLAN;743AF49539C2 
PC39;E88088A3DCCA 
PC39 WLAN;743AF4A160A8 
PC40;E88088A478C8 
PC40 WLAN;387A0E8D0DBA 
PC41;E88088A47A21 
PC41 WLAN;743AF4A16436 
PC42;E88088A3DCBC 
PC42 WLAN;743AF49539A9 
PC43;E88088A478F6 
PC43 WLAN;743AF49539F4 
PC44;E88088A4788A 
PC44 WLAN;743AF4A2CA15 
PC45;E88088A478F2 
PC45 WLAN;743AF49DF96D 
PC46;E88088A3DCD0 
PC46 WLAN;743AF495397C 
PC47;E88088A47C9A 
PC47 WLAN;743AF4AC73B2 
PC48;E88088A3DCCB 
PC48 WLAN;743AF4AC7353 
PC50;E88088A4791A 
PC50 WLAN;743AF4A15F77